sampling_rate,plot_time_s,send_time_s
2048,0.38401150004938245,0.9343470998574048
1024,0.19546820013783872,0.7175479000434279
512,0.10248550004325807,0.42673199996352196
256,0.05683989985845983,0.2013099999167025
128,0.03787330002523959,0.0864401999861002
